lambda,mean_dev
0.0,7.723081940074908
1.0,5.192354524683131
3.0,3.6215581978882354
10.0,2.9670597283903626
30.0,2.8797932657906453
100.0,2.487094184091922